AES_En_De27_U0,VITIS_LOOP_508_2,seq_loop_status1.csv
AES_En_De27_U0.grp_extendKey_fu_633.grp_extendKey_Pipeline_extendKey_label5_fu_12,extendKey_label5,upc_loop_status1.csv
AES_En_De27_U0.grp_extendKey_fu_633.grp_extendKey_Pipeline_extendKey_label0_fu_20,extendKey_label0,upc_loop_status2.csv
AES_En_De27_U0.grp_aes_return_fu_643.grp_aes_return_Pipeline_subBytes_label0_subBytes_label7_fu_341,subBytes_label0_subBytes_label7,upc_loop_status3.csv
Modulation_U0,VITIS_LOOP_18_1,upc_loop_status4.csv
Rayleigh_1_U0,VITIS_LOOP_21_1,pp_loop_status1.csv
Rayleigh_1_U0.grp_seedInitialization_fu_452.grp_seedInitialization_Pipeline_SEED_INIT_LOOP_fu_94,SEED_INIT_LOOP,upc_loop_status5.csv
split_U0,SPL,upc_loop_status6.csv
split_1_U0,SPL,upc_loop_status7.csv
QRD_U0,VITIS_LOOP_139_1,seq_loop_status2.csv
QRD_U0,VITIS_LOOP_152_2,seq_loop_status3.csv
QRD_U0,VITIS_LOOP_187_3,seq_loop_status4.csv
QRD_U0,VITIS_LOOP_221_4,seq_loop_status5.csv
QRD_U0,VITIS_LOOP_276_7,seq_loop_status6.csv
QRD_U0.grp_QRD_Pipeline_CHANNEL2REAL_fu_2983,CHANNEL2REAL,upc_loop_status8.csv
QRD_U0.grp_CORDIC_V_fu_3039,VITIS_LOOP_91_1,seq_loop_status7.csv
QRD_U0.grp_CORDIC_V_fu_3039.grp_CORDIC_V_Pipeline_VITIS_LOOP_94_2_fu_179,VITIS_LOOP_94_2,upc_loop_status9.csv
QRD_U0.grp_CORDIC_R_fu_3054,VITIS_LOOP_29_1,seq_loop_status8.csv
QRD_U0.grp_CORDIC_R_fu_3054.grp_CORDIC_R_Pipeline_VITIS_LOOP_32_2_fu_163,VITIS_LOOP_32_2,upc_loop_status10.csv
QRD_U0.grp_CORDIC_R_fu_3072,VITIS_LOOP_29_1,seq_loop_status9.csv
QRD_U0.grp_CORDIC_R_fu_3072.grp_CORDIC_R_Pipeline_VITIS_LOOP_32_2_fu_163,VITIS_LOOP_32_2,upc_loop_status11.csv
QRD_U0.grp_CORDIC_R_fu_3081,VITIS_LOOP_29_1,seq_loop_status10.csv
QRD_U0.grp_CORDIC_R_fu_3081.grp_CORDIC_R_Pipeline_VITIS_LOOP_32_2_fu_163,VITIS_LOOP_32_2,upc_loop_status12.csv
QRD_U0.grp_CORDIC_R_fu_3090,VITIS_LOOP_29_1,seq_loop_status11.csv
QRD_U0.grp_CORDIC_R_fu_3090.grp_CORDIC_R_Pipeline_VITIS_LOOP_32_2_fu_163,VITIS_LOOP_32_2,upc_loop_status13.csv
QRD_U0.grp_CORDIC_R_fu_3099,VITIS_LOOP_29_1,seq_loop_status12.csv
QRD_U0.grp_CORDIC_R_fu_3099.grp_CORDIC_R_Pipeline_VITIS_LOOP_32_2_fu_163,VITIS_LOOP_32_2,upc_loop_status14.csv
QRD_U0.grp_CORDIC_R_fu_3108,VITIS_LOOP_29_1,seq_loop_status13.csv
QRD_U0.grp_CORDIC_R_fu_3108.grp_CORDIC_R_Pipeline_VITIS_LOOP_32_2_fu_163,VITIS_LOOP_32_2,upc_loop_status15.csv
QRD_U0.grp_QRD_Pipeline_LOOP_02_VITIS_LOOP_260_6_fu_3215,LOOP_02_VITIS_LOOP_260_6,upc_loop_status16.csv
QRD_U0.grp_QRD_Pipeline_VITIS_LOOP_277_8_fu_3285,VITIS_LOOP_277_8,upc_loop_status17.csv
QRD_U0.grp_QRD_Pipeline_VITIS_LOOP_325_9_VITIS_LOOP_326_10_fu_3420,VITIS_LOOP_325_9_VITIS_LOOP_326_10,upc_loop_status18.csv
channel_mult_U0.grp_channel_mult_Pipeline_CHANNEL2REAL_fu_282,CHANNEL2REAL,upc_loop_status19.csv
channel_mult_U0.grp_channel_mult_Pipeline_VITIS_LOOP_63_1_fu_354,VITIS_LOOP_63_1,upc_loop_status20.csv
AWGN_1_U0.grp_seedInitialization_fu_58.grp_seedInitialization_Pipeline_SEED_INIT_LOOP_fu_94,SEED_INIT_LOOP,upc_loop_status21.csv
AWGN_1_U0.grp_AWGN_1_Pipeline_VITIS_LOOP_15_1_fu_72,VITIS_LOOP_15_1,upc_loop_status22.csv
matrix_mult_U0.grp_matrix_mult_Pipeline_VITIS_LOOP_88_1_fu_26,VITIS_LOOP_88_1,upc_loop_status23.csv
matrix_mult_U0.grp_matrix_mult_Pipeline_VITIS_LOOP_94_2_fu_34,VITIS_LOOP_94_2,upc_loop_status24.csv
KBEST_U0,VITIS_LOOP_55_6,seq_loop_status14.csv
KBEST_U0,VITIS_LOOP_36_4,seq_loop_status15.csv
KBEST_U0,VITIS_LOOP_27_2,seq_loop_status16.csv
KBEST_U0.grp_KBEST_Pipeline_VITIS_LOOP_21_1_fu_876,VITIS_LOOP_21_1,upc_loop_status25.csv
KBEST_U0.grp_KBEST_Pipeline_VITIS_LOOP_31_3_fu_884,VITIS_LOOP_31_3,upc_loop_status26.csv
KBEST_U0.grp_KBEST_Pipeline_VITIS_LOOP_48_5_fu_891,VITIS_LOOP_48_5,upc_loop_status27.csv
KBEST_U0.grp_KBEST_Pipeline_VITIS_LOOP_104_12_fu_953,VITIS_LOOP_104_12,upc_loop_status28.csv
KBEST_U0.grp_KBEST_Pipeline_VITIS_LOOP_57_7_fu_960,VITIS_LOOP_57_7,upc_loop_status29.csv
DeModulation_U0,VITIS_LOOP_14_1,upc_loop_status30.csv
AES_En_De_128_U0,VITIS_LOOP_508_2,seq_loop_status17.csv
AES_En_De_128_U0.grp_extendKey_fu_633.grp_extendKey_Pipeline_extendKey_label5_fu_12,extendKey_label5,upc_loop_status31.csv
AES_En_De_128_U0.grp_extendKey_fu_633.grp_extendKey_Pipeline_extendKey_label0_fu_20,extendKey_label0,upc_loop_status32.csv
AES_En_De_128_U0.grp_deAes_return_fu_643.grp_deAes_return_Pipeline_deSubBytes_label1_deSubBytes_label13_fu_342,deSubBytes_label1_deSubBytes_label13,upc_loop_status33.csv
