,entry_proc_U0,,status1.csv
,AES_En_De27_U0,,status2.csv
,Modulation_U0,,status3.csv
,Rayleigh_1_U0,,status4.csv
,split_U0,,status5.csv
,split_1_U0,,status6.csv
,QRD_U0,,status7.csv
,channel_mult_U0,,status8.csv
,AWGN_1_U0,,status9.csv
,matrix_mult_U0,,status10.csv
,KBEST_U0,,status11.csv
,DeModulation_U0,,status12.csv
,AES_En_De_128_U0,,status13.csv
,AESL_inst_TOP,,module_status1.csv
AES_En_De27_U0,grp_extendKey_fu_633,,module_status2.csv
AES_En_De27_U0.grp_extendKey_fu_633,grp_extendKey_Pipeline_extendKey_label5_fu_12,,module_status3.csv
AES_En_De27_U0.grp_extendKey_fu_633,grp_extendKey_Pipeline_extendKey_label0_fu_20,,module_status4.csv
AES_En_De27_U0,grp_aes_return_fu_643,,module_status5.csv
AES_En_De27_U0.grp_aes_return_fu_643,grp_aes_return_Pipeline_convertToIntArray_label0_convertToIntArray_label1_fu_284,,module_status6.csv
AES_En_De27_U0.grp_aes_return_fu_643,grp_addRoundKey_fu_322,,module_status7.csv
AES_En_De27_U0.grp_aes_return_fu_643,grp_aes_return_Pipeline_aes_return_label12_fu_332,,module_status8.csv
AES_En_De27_U0.grp_aes_return_fu_643.grp_aes_return_Pipeline_aes_return_label12_fu_332,grp_GFMul_fu_342,,module_status9.csv
AES_En_De27_U0.grp_aes_return_fu_643.grp_aes_return_Pipeline_aes_return_label12_fu_332,grp_GFMul_fu_349,,module_status10.csv
AES_En_De27_U0.grp_aes_return_fu_643.grp_aes_return_Pipeline_aes_return_label12_fu_332,grp_GFMul_fu_356,,module_status11.csv
AES_En_De27_U0.grp_aes_return_fu_643.grp_aes_return_Pipeline_aes_return_label12_fu_332,grp_addRoundKey_fu_369,,module_status12.csv
AES_En_De27_U0.grp_aes_return_fu_643,grp_aes_return_Pipeline_subBytes_label0_subBytes_label7_fu_341,,module_status13.csv
Rayleigh_1_U0,grp_seedInitialization_fu_452,,module_status14.csv
Rayleigh_1_U0.grp_seedInitialization_fu_452,grp_seedInitialization_Pipeline_SEED_INIT_LOOP_fu_94,,module_status15.csv
QRD_U0,grp_QRD_Pipeline_CHANNEL2REAL_fu_2983,,module_status16.csv
QRD_U0,grp_CORDIC_V_fu_3039,,module_status17.csv
QRD_U0.grp_CORDIC_V_fu_3039,grp_CORDIC_V_Pipeline_VITIS_LOOP_94_2_fu_179,,module_status18.csv
QRD_U0,grp_CORDIC_R_fu_3054,,module_status19.csv
QRD_U0.grp_CORDIC_R_fu_3054,grp_CORDIC_R_Pipeline_VITIS_LOOP_32_2_fu_163,,module_status20.csv
QRD_U0,grp_CORDIC_R_fu_3072,,module_status21.csv
QRD_U0.grp_CORDIC_R_fu_3072,grp_CORDIC_R_Pipeline_VITIS_LOOP_32_2_fu_163,,module_status22.csv
QRD_U0,grp_CORDIC_R_fu_3081,,module_status23.csv
QRD_U0.grp_CORDIC_R_fu_3081,grp_CORDIC_R_Pipeline_VITIS_LOOP_32_2_fu_163,,module_status24.csv
QRD_U0,grp_CORDIC_R_fu_3090,,module_status25.csv
QRD_U0.grp_CORDIC_R_fu_3090,grp_CORDIC_R_Pipeline_VITIS_LOOP_32_2_fu_163,,module_status26.csv
QRD_U0,grp_CORDIC_R_fu_3099,,module_status27.csv
QRD_U0.grp_CORDIC_R_fu_3099,grp_CORDIC_R_Pipeline_VITIS_LOOP_32_2_fu_163,,module_status28.csv
QRD_U0,grp_CORDIC_R_fu_3108,,module_status29.csv
QRD_U0.grp_CORDIC_R_fu_3108,grp_CORDIC_R_Pipeline_VITIS_LOOP_32_2_fu_163,,module_status30.csv
QRD_U0,grp_QRD_Pipeline_LOOP_01_fu_3120,,module_status31.csv
QRD_U0,grp_QRD_Pipeline_LOOP_02_VITIS_LOOP_260_6_fu_3215,,module_status32.csv
QRD_U0,grp_QRD_Pipeline_VITIS_LOOP_277_8_fu_3285,,module_status33.csv
QRD_U0,grp_QRD_Pipeline_VITIS_LOOP_325_9_VITIS_LOOP_326_10_fu_3420,,module_status34.csv
channel_mult_U0,grp_channel_mult_Pipeline_CHANNEL2REAL_fu_282,,module_status35.csv
channel_mult_U0,grp_channel_mult_Pipeline_VITIS_LOOP_63_1_fu_354,,module_status36.csv
AWGN_1_U0,grp_seedInitialization_fu_58,,module_status37.csv
AWGN_1_U0.grp_seedInitialization_fu_58,grp_seedInitialization_Pipeline_SEED_INIT_LOOP_fu_94,,module_status38.csv
AWGN_1_U0,grp_AWGN_1_Pipeline_VITIS_LOOP_15_1_fu_72,,module_status39.csv
matrix_mult_U0,grp_matrix_mult_Pipeline_VITIS_LOOP_88_1_fu_26,,module_status40.csv
matrix_mult_U0,grp_matrix_mult_Pipeline_VITIS_LOOP_94_2_fu_34,,module_status41.csv
KBEST_U0,grp_KBEST_Pipeline_1_fu_840,,module_status42.csv
KBEST_U0,grp_KBEST_Pipeline_VITIS_LOOP_21_1_fu_876,,module_status43.csv
KBEST_U0,grp_KBEST_Pipeline_VITIS_LOOP_31_3_fu_884,,module_status44.csv
KBEST_U0,grp_KBEST_Pipeline_VITIS_LOOP_48_5_fu_891,,module_status45.csv
KBEST_U0,grp_KBEST_Pipeline_VITIS_LOOP_104_12_fu_953,,module_status46.csv
KBEST_U0,grp_KBEST_Pipeline_VITIS_LOOP_57_7_fu_960,,module_status47.csv
KBEST_U0,grp_KBEST_Pipeline_VITIS_LOOP_75_8_VITIS_LOOP_76_9_fu_1001,,module_status48.csv
KBEST_U0,grp_KBEST_Pipeline_VITIS_LOOP_94_11_fu_1070,,module_status49.csv
AES_En_De_128_U0,grp_extendKey_fu_633,,module_status50.csv
AES_En_De_128_U0.grp_extendKey_fu_633,grp_extendKey_Pipeline_extendKey_label5_fu_12,,module_status51.csv
AES_En_De_128_U0.grp_extendKey_fu_633,grp_extendKey_Pipeline_extendKey_label0_fu_20,,module_status52.csv
AES_En_De_128_U0,grp_deAes_return_fu_643,,module_status53.csv
AES_En_De_128_U0.grp_deAes_return_fu_643,grp_deAes_return_Pipeline_convertToIntArray_label0_convertToIntArray_label1_fu_287,,module_status54.csv
AES_En_De_128_U0.grp_deAes_return_fu_643,grp_deAes_return_Pipeline_addRoundKey_label0_fu_325,,module_status55.csv
AES_En_De_128_U0.grp_deAes_return_fu_643,grp_deAes_return_Pipeline_deAes_return_label22_fu_332,,module_status56.csv
AES_En_De_128_U0.grp_deAes_return_fu_643.grp_deAes_return_Pipeline_deAes_return_label22_fu_332,grp_deMixColumns_fu_542,,module_status57.csv
AES_En_De_128_U0.grp_deAes_return_fu_643.grp_deAes_return_Pipeline_deAes_return_label22_fu_332.grp_deMixColumns_fu_542,grp_GFMul_fu_197,,module_status58.csv
AES_En_De_128_U0.grp_deAes_return_fu_643.grp_deAes_return_Pipeline_deAes_return_label22_fu_332.grp_deMixColumns_fu_542,grp_GFMul_fu_205,,module_status59.csv
AES_En_De_128_U0.grp_deAes_return_fu_643.grp_deAes_return_Pipeline_deAes_return_label22_fu_332.grp_deMixColumns_fu_542,grp_GFMul_fu_213,,module_status60.csv
AES_En_De_128_U0.grp_deAes_return_fu_643.grp_deAes_return_Pipeline_deAes_return_label22_fu_332.grp_deMixColumns_fu_542,grp_GFMul_fu_221,,module_status61.csv
AES_En_De_128_U0.grp_deAes_return_fu_643.grp_deAes_return_Pipeline_deAes_return_label22_fu_332.grp_deMixColumns_fu_542,grp_GFMul_fu_229,,module_status62.csv
AES_En_De_128_U0.grp_deAes_return_fu_643.grp_deAes_return_Pipeline_deAes_return_label22_fu_332,grp_deMixColumns_fu_548,,module_status63.csv
AES_En_De_128_U0.grp_deAes_return_fu_643.grp_deAes_return_Pipeline_deAes_return_label22_fu_332.grp_deMixColumns_fu_548,grp_GFMul_fu_197,,module_status64.csv
AES_En_De_128_U0.grp_deAes_return_fu_643.grp_deAes_return_Pipeline_deAes_return_label22_fu_332.grp_deMixColumns_fu_548,grp_GFMul_fu_205,,module_status65.csv
AES_En_De_128_U0.grp_deAes_return_fu_643.grp_deAes_return_Pipeline_deAes_return_label22_fu_332.grp_deMixColumns_fu_548,grp_GFMul_fu_213,,module_status66.csv
AES_En_De_128_U0.grp_deAes_return_fu_643.grp_deAes_return_Pipeline_deAes_return_label22_fu_332.grp_deMixColumns_fu_548,grp_GFMul_fu_221,,module_status67.csv
AES_En_De_128_U0.grp_deAes_return_fu_643.grp_deAes_return_Pipeline_deAes_return_label22_fu_332.grp_deMixColumns_fu_548,grp_GFMul_fu_229,,module_status68.csv
AES_En_De_128_U0.grp_deAes_return_fu_643,grp_deAes_return_Pipeline_deSubBytes_label1_deSubBytes_label13_fu_342,,module_status69.csv
AES_En_De_128_U0.grp_deAes_return_fu_643,grp_deAes_return_Pipeline_addRoundKey_label010_fu_349,,module_status70.csv
